Training method,trainable_params,non_trainable_params,encoding,scaled,Method,train_accuracy,train_recall,train_precision,train_f1_score,test_accuracy,test_recall,test_precision,test_f1_score,Overfitting-Accuracy,Overfitting-Precision,Overfitting-Recall,Overfitting-F1 score
Architecture A,67735.0,0.0,Group_0,0,Properties,0.141866666666667,0.141866666666667,0.141866666666667,0.141866666666667,0.145828571428571,0.145828571428571,0.145828571428571,0.145828571428571,0.9793117866666666,0.9793117866666666,0.9793117866666666,0.9793117866666666
Architecture A,67735.0,0.0,Group_0,1,Properties,0.542438095238095,0.542438095238095,0.542438095238095,0.542438095238095,0.279314285714286,0.279314285714286,0.279314285714286,0.279314285714286,0.8484892908843537,0.8484892908843537,0.8484892908843537,0.8484892908843537
Architecture A,34967.0,0.0,Group_1,0,FFT,0.142019047619048,0.142019047619048,0.142019047619048,0.142019047619048,0.145371428571429,0.145371428571429,0.145371428571429,0.145371428571429,0.9793544881632652,0.9793544881632652,0.9793544881632652,0.9793544881632652
Architecture A,34967.0,0.0,Group_1,1,FFT,0.752495238095238,0.752495238095238,0.752495238095238,0.752495238095238,0.199885714285714,0.199885714285714,0.199885714285714,0.199885714285714,0.8495869518367349,0.8495869518367349,0.8495869518367349,0.8495869518367349
Architecture A,34967.0,0.0,Group_2,0,FFT,0.14167619047619,0.14167619047619,0.14167619047619,0.14167619047619,0.1464,0.1464,0.1464,0.1464,0.9792586057142858,0.9792586057142858,0.9792586057142858,0.9792586057142858
Architecture A,67735.0,0.0,Group_2,0,Properties,0.140990476190476,0.140990476190476,0.140990476190476,0.140990476190476,0.148457142857143,0.148457142857143,0.148457142857143,0.148457142857143,0.9790689567346939,0.9790689567346939,0.9790689567346939,0.9790689567346939
Architecture A,34967.0,0.0,Group_2,1,FFT,0.715885714285714,0.715885714285714,0.715885714285714,0.715885714285714,0.209485714285714,0.209485714285714,0.209485714285714,0.209485714285714,0.8500321697959187,0.8500321697959187,0.8500321697959187,0.8500321697959187
Architecture A,67735.0,0.0,Group_2,1,Properties,0.876457142857143,0.876457142857143,0.876457142857143,0.876457142857143,0.370628571428571,0.370628571428571,0.370628571428571,0.370628571428571,0.6751599412244902,0.6751599412244902,0.6751599412244902,0.6751599412244902
Architecture A,34967.0,0.0,Group_3,0,FFT,0.143542857142857,0.143542857142857,0.143542857142857,0.143542857142857,0.1408,0.1408,0.1408,0.1408,0.9797891657142858,0.9797891657142858,0.9797891657142858,0.9797891657142858
Architecture A,67735.0,0.0,Group_3,0,Properties,0.143085714285714,0.143085714285714,0.143085714285714,0.143085714285714,0.142171428571429,0.142171428571429,0.142171428571429,0.142171428571429,0.9796572995918367,0.9796572995918367,0.9796572995918367,0.9796572995918367
Architecture A,34967.0,0.0,Group_3,1,FFT,0.789980952380952,0.789980952380952,0.789980952380952,0.789980952380952,0.215885714285714,0.215885714285714,0.215885714285714,0.215885714285714,0.8294543978231296,0.8294543978231296,0.8294543978231296,0.8294543978231296
Architecture A,67735.0,0.0,Group_3,1,Properties,0.604952380952381,0.604952380952381,0.604952380952381,0.604952380952381,0.313142857142857,0.313142857142857,0.313142857142857,0.313142857142857,0.8105634829931974,0.8105634829931974,0.8105634829931974,0.8105634829931974
Architecture A,34967.0,0.0,Group_4,0,FFT,0.144,0.144,0.144,0.144,0.139542857142857,0.139542857142857,0.139542857142857,0.139542857142857,0.9799058285714286,0.9799058285714286,0.9799058285714286,0.9799058285714286
Architecture A,67735.0,0.0,Group_4,0,Properties,0.142933333333333,0.142933333333333,0.142933333333333,0.142933333333333,0.142628571428571,0.142628571428571,0.142628571428571,0.142628571428571,0.9796136228571429,0.9796136228571429,0.9796136228571429,0.9796136228571429
Architecture A,34967.0,0.0,Group_4,1,FFT,0.76072380952381,0.76072380952381,0.76072380952381,0.76072380952381,0.195885714285714,0.195885714285714,0.195885714285714,0.195885714285714,0.850985073197279,0.850985073197279,0.850985073197279,0.850985073197279
Architecture A,67735.0,0.0,Group_4,1,Properties,0.761828571428571,0.761828571428571,0.761828571428571,0.761828571428572,0.385828571428571,0.385828571428571,0.385828571428571,0.385828571428571,0.7060647706122454,0.7060647706122454,0.7060647706122454,0.7060647706122449
Architecture A,34967.0,0.0,Group_5,0,FFT,0.144190476190476,0.144190476190476,0.144190476190476,0.144190476190476,0.138857142857143,0.138857142857143,0.138857142857143,0.138857142857143,0.9799781224489796,0.9799781224489796,0.9799781224489796,0.9799781224489796
Architecture A,67735.0,0.0,Group_5,0,Properties,0.142514285714286,0.142514285714286,0.142514285714286,0.142514285714286,0.143885714285714,0.143885714285714,0.143885714285714,0.143885714285714,0.9794942302040817,0.9794942302040817,0.9794942302040817,0.9794942302040817
Architecture A,34967.0,0.0,Group_5,1,FFT,0.709066666666667,0.709066666666667,0.709066666666667,0.709066666666667,0.189028571428571,0.189028571428571,0.189028571428571,0.189028571428571,0.8659661409523812,0.8659661409523812,0.8659661409523812,0.8659661409523812
Architecture A,67735.0,0.0,Group_5,1,Properties,0.669371428571429,0.669371428571429,0.669371428571429,0.669371428571429,0.338057142857143,0.338057142857143,0.338057142857143,0.338057142857143,0.7737142073469385,0.7737142073469385,0.7737142073469385,0.7737142073469385
Architecture A,34967.0,0.0,Group_6,0,FFT,0.14392380952381,0.14392380952381,0.14392380952381,0.14392380952381,0.139657142857143,0.139657142857143,0.139657142857143,0.139657142857143,0.979900011972789,0.979900011972789,0.979900011972789,0.979900011972789
Architecture A,67735.0,0.0,Group_6,0,Properties,0.874019047619048,0.874019047619048,0.874019047619048,0.874019047619048,0.365257142857143,0.365257142857143,0.365257142857143,0.365257142857143,0.6807582998639453,0.6807582998639453,0.6807582998639453,0.6807582998639453
Architecture A,34967.0,0.0,Group_6,1,FFT,0.681028571428571,0.681028571428571,0.681028571428571,0.681028571428571,0.198628571428571,0.198628571428571,0.198628571428571,0.198628571428571,0.8647282677551025,0.8647282677551025,0.8647282677551025,0.8647282677551025
Architecture A,67735.0,0.0,Group_6,1,Properties,0.887809523809524,0.887809523809524,0.887809523809524,0.887809523809524,0.392342857142857,0.392342857142857,0.392342857142857,0.392342857142857,0.651674274829932,0.651674274829932,0.651674274829932,0.651674274829932
Architecture A,34967.0,0.0,Group_7,0,FFT,0.141942857142857,0.141942857142857,0.141942857142857,0.141942857142857,0.1456,0.1456,0.1456,0.1456,0.9793331200000001,0.9793331200000001,0.9793331200000001,0.9793331200000001
Architecture A,67735.0,0.0,Group_7,0,Properties,0.143695238095238,0.143695238095238,0.143695238095238,0.143695238095238,0.140342857142857,0.140342857142857,0.140342857142857,0.140342857142857,0.9798333997278912,0.9798333997278912,0.9798333997278912,0.9798333997278912
Architecture A,34967.0,0.0,Group_7,1,FFT,0.675580952380952,0.675580952380952,0.675580952380952,0.675580952380952,0.201942857142857,0.201942857142857,0.201942857142857,0.201942857142857,0.8635712522448982,0.8635712522448982,0.8635712522448982,0.8635712522448982
Architecture A,67735.0,0.0,Group_7,1,Properties,0.855047619047619,0.855047619047619,0.855047619047619,0.855047619047619,0.372228571428571,0.372228571428571,0.372228571428571,0.372228571428571,0.6817268462585038,0.6817268462585038,0.6817268462585038,0.6817268462585038
Architecture A,18583.0,0.0,bepler,0,PLM,0.86952380952381,0.86952380952381,0.86952380952381,0.869523809523809,0.780228571428571,0.780228571428571,0.780228571428571,0.780228571428571,0.3215726802721087,0.3215726802721087,0.3215726802721087,0.3215726802721095
Architecture A,18583.0,0.0,bepler,1,PLM,0.944114285714286,0.944114285714286,0.944114285714286,0.944114285714286,0.756228571428572,0.756228571428572,0.756228571428572,0.756228571428572,0.2860338024489788,0.2860338024489788,0.2860338024489788,0.2860338024489788
Architecture A,166039.0,0.0,esm,0,PLM,0.993638095238095,0.993638095238095,0.993638095238095,0.993638095238095,0.924457142857143,0.924457142857143,0.924457142857143,0.924457142857143,0.08142416544217701,0.08142416544217701,0.08142416544217701,0.08142416544217701
Architecture A,166039.0,0.0,esm,1,PLM,0.997066666666667,0.997066666666667,0.997066666666667,0.997066666666667,0.924114285714286,0.924114285714286,0.924114285714286,0.924114285714286,0.07859644952380895,0.07859644952380895,0.07859644952380895,0.07859644952380895
Architecture A,67735.0,0.0,fasttext,0,PLM,0.143428571428571,0.143428571428571,0.143428571428571,0.143428571428571,0.141485714285714,0.141485714285714,0.141485714285714,0.141485714285714,0.979706906122449,0.979706906122449,0.979706906122449,0.979706906122449
Architecture A,67735.0,0.0,fasttext,1,PLM,0.968495238095238,0.968495238095238,0.968495238095238,0.968495238095238,0.489142857142857,0.489142857142857,0.489142857142857,0.489142857142857,0.5262674721088437,0.5262674721088437,0.5262674721088437,0.5262674721088437
Architecture A,67735.0,0.0,glove,0,PLM,0.142095238095238,0.142095238095238,0.142095238095238,0.142095238095238,0.147314285714286,0.147314285714286,0.147314285714286,0.147314285714286,0.9790673414965986,0.9790673414965986,0.9790673414965986,0.9790673414965986
Architecture A,67735.0,0.0,glove,1,PLM,0.95752380952381,0.95752380952381,0.95752380952381,0.95752380952381,0.475657142857143,0.475657142857143,0.475657142857143,0.475657142857143,0.5445469605442173,0.5445469605442173,0.5445469605442173,0.5445469605442173
Architecture A,133271.0,0.0,plus_rnn,0,PLM,0.986895238095238,0.986895238095238,0.986895238095238,0.986895238095238,0.878628571428571,0.878628571428571,0.878628571428571,0.878628571428571,0.13288564680272152,0.13288564680272152,0.13288564680272152,0.13288564680272152
Architecture A,133271.0,0.0,plus_rnn,1,PLM,0.990780952380952,0.990780952380952,0.990780952380952,0.990780952380952,0.889371428571429,0.889371428571429,0.889371428571429,0.889371428571429,0.1188277289795917,0.1188277289795917,0.1188277289795917,0.1188277289795917
Architecture A,133271.0,0.0,prottrans,0,PLM,0.993104761904762,0.993104761904762,0.993104761904762,0.993104761904762,0.781828571428571,0.781828571428571,0.781828571428571,0.781828571428571,0.22356232272108878,0.22356232272108878,0.22356232272108878,0.22356232272108878
Architecture A,133271.0,0.0,prottrans,1,PLM,0.995847619047619,0.995847619047619,0.995847619047619,0.995847619047619,0.734171428571429,0.734171428571429,0.734171428571429,0.734171428571429,0.2688771308843534,0.2688771308843534,0.2688771308843534,0.2688771308843534
Architecture B,67735.0,0.0,Group_0,0,Properties,0.143695238095238,0.143695238095238,0.143695238095238,0.143695238095238,0.140342857142857,0.140342857142857,0.140342857142857,0.140342857142857,0.9798333997278912,0.9798333997278912,0.9798333997278912,0.9798333997278912
Architecture B,67735.0,0.0,Group_0,1,Properties,0.420152380952381,0.420152380952381,0.420152380952381,0.420152380952381,0.317828571428571,0.317828571428571,0.317828571428571,0.317828571428571,0.866463568979592,0.866463568979592,0.866463568979592,0.866463568979592
Architecture B,34967.0,0.0,Group_1,0,FFT,0.1424,0.1424,0.1424,0.1424,0.144228571428571,0.144228571428571,0.144228571428571,0.144228571428571,0.9794618514285715,0.9794618514285715,0.9794618514285715,0.9794618514285715
Architecture B,34967.0,0.0,Group_1,1,FFT,0.310666666666667,0.310666666666667,0.310666666666667,0.310666666666667,0.221485714285714,0.221485714285714,0.221485714285714,0.221485714285714,0.9311917714285715,0.9311917714285715,0.9311917714285715,0.9311917714285715
Architecture B,34967.0,0.0,Group_2,0,FFT,0.14232380952381,0.14232380952381,0.14232380952381,0.14232380952381,0.144457142857143,0.144457142857143,0.144457142857143,0.144457142857143,0.9794403091156462,0.9794403091156462,0.9794403091156462,0.9794403091156462
Architecture B,67735.0,0.0,Group_2,0,Properties,0.143961904761905,0.143961904761905,0.143961904761905,0.143961904761905,0.139542857142857,0.139542857142857,0.139542857142857,0.139542857142857,0.9799111444897959,0.9799111444897959,0.9799111444897959,0.9799111444897959
Architecture B,34967.0,0.0,Group_2,1,FFT,0.295466666666667,0.295466666666667,0.295466666666667,0.295466666666667,0.229371428571429,0.229371428571429,0.229371428571429,0.229371428571429,0.9322283885714284,0.9322283885714284,0.9322283885714284,0.9322283885714284
Architecture B,67735.0,0.0,Group_2,1,Properties,0.488076190476191,0.488076190476191,0.488076190476191,0.488076190476191,0.382285714285714,0.382285714285714,0.382285714285714,0.382285714285714,0.8134154448979591,0.8134154448979591,0.8134154448979591,0.8134154448979591
Architecture B,34967.0,0.0,Group_3,0,FFT,0.144571428571429,0.144571428571429,0.144571428571429,0.144571428571429,0.137714285714286,0.137714285714286,0.137714285714286,0.137714285714286,0.9800904489795917,0.9800904489795917,0.9800904489795917,0.9800904489795917
Architecture B,67735.0,0.0,Group_3,0,Properties,0.142285714285714,0.142285714285714,0.142285714285714,0.142285714285714,0.144571428571429,0.144571428571429,0.144571428571429,0.144571428571429,0.9794295510204082,0.9794295510204082,0.9794295510204082,0.9794295510204082
Architecture B,34967.0,0.0,Group_3,1,FFT,0.320038095238095,0.320038095238095,0.320038095238095,0.320038095238095,0.230057142857143,0.230057142857143,0.230057142857143,0.230057142857143,0.9263729502040816,0.9263729502040816,0.9263729502040816,0.9263729502040816
Architecture B,67735.0,0.0,Group_3,1,Properties,0.445942857142857,0.445942857142857,0.445942857142857,0.445942857142857,0.344114285714286,0.344114285714286,0.344114285714286,0.344114285714286,0.8465446922448979,0.8465446922448979,0.8465446922448979,0.8465446922448979
Architecture B,34967.0,0.0,Group_4,0,FFT,0.141866666666667,0.141866666666667,0.141866666666667,0.141866666666667,0.145828571428571,0.145828571428571,0.145828571428571,0.145828571428571,0.9793117866666666,0.9793117866666666,0.9793117866666666,0.9793117866666666
Architecture B,67735.0,0.0,Group_4,0,Properties,0.141904761904762,0.141904761904762,0.141904761904762,0.141904761904762,0.145714285714286,0.145714285714286,0.145714285714286,0.145714285714286,0.9793224489795918,0.9793224489795918,0.9793224489795918,0.9793224489795918
Architecture B,34967.0,0.0,Group_4,1,FFT,0.303085714285714,0.303085714285714,0.303085714285714,0.303085714285714,0.223085714285714,0.223085714285714,0.223085714285714,0.223085714285714,0.9323859069387757,0.9323859069387757,0.9323859069387757,0.9323859069387757
Architecture B,67735.0,0.0,Group_4,1,Properties,0.501828571428571,0.501828571428571,0.501828571428571,0.501828571428571,0.3816,0.3816,0.3816,0.3816,0.8085022171428573,0.8085022171428573,0.8085022171428573,0.8085022171428573
Architecture B,34967.0,0.0,Group_5,0,FFT,0.139390476190476,0.139390476190476,0.139390476190476,0.139390476190476,0.153257142857143,0.153257142857143,0.153257142857143,0.153257142857143,0.978637413877551,0.978637413877551,0.978637413877551,0.978637413877551
Architecture B,67735.0,0.0,Group_5,0,Properties,0.143733333333333,0.143733333333333,0.143733333333333,0.143733333333333,0.140228571428571,0.140228571428571,0.140228571428571,0.140228571428571,0.9798444800000001,0.9798444800000001,0.9798444800000001,0.9798444800000001
Architecture B,34967.0,0.0,Group_5,1,FFT,0.319847619047619,0.319847619047619,0.319847619047619,0.319847619047619,0.222857142857143,0.222857142857143,0.222857142857143,0.222857142857143,0.9287196734693877,0.9287196734693877,0.9287196734693877,0.9287196734693877
Architecture B,67735.0,0.0,Group_5,1,Properties,0.486361904761905,0.486361904761905,0.486361904761905,0.486361904761905,0.369371428571429,0.369371428571429,0.369371428571429,0.369371428571429,0.8203518084353738,0.8203518084353738,0.8203518084353738,0.8203518084353738
Architecture B,34967.0,0.0,Group_6,0,FFT,0.144,0.144,0.144,0.144,0.139428571428571,0.139428571428571,0.139428571428571,0.139428571428571,0.9799222857142857,0.9799222857142857,0.9799222857142857,0.9799222857142857
Architecture B,67735.0,0.0,Group_6,0,Properties,0.144685714285714,0.144685714285714,0.144685714285714,0.144685714285714,0.137371428571429,0.137371428571429,0.137371428571429,0.137371428571429,0.9801243167346938,0.9801243167346938,0.9801243167346938,0.9801243167346938
Architecture B,34967.0,0.0,Group_6,1,FFT,0.296571428571429,0.296571428571429,0.296571428571429,0.296571428571429,0.231314285714286,0.231314285714286,0.231314285714286,0.231314285714286,0.9313987918367346,0.9313987918367346,0.9313987918367346,0.9313987918367346
Architecture B,67735.0,0.0,Group_6,1,Properties,0.595085714285714,0.595085714285714,0.595085714285714,0.595085714285714,0.474742857142857,0.474742857142857,0.474742857142857,0.474742857142857,0.7174873077551023,0.7174873077551023,0.7174873077551023,0.7174873077551023
Architecture B,34967.0,0.0,Group_7,0,FFT,0.144380952380952,0.144380952380952,0.144380952380952,0.144380952380952,0.138285714285714,0.138285714285714,0.138285714285714,0.138285714285714,0.9800341768707483,0.9800341768707483,0.9800341768707483,0.9800341768707483
Architecture B,67735.0,0.0,Group_7,0,Properties,0.144380952380952,0.144380952380952,0.144380952380952,0.144380952380952,0.138285714285714,0.138285714285714,0.138285714285714,0.138285714285714,0.9800341768707483,0.9800341768707483,0.9800341768707483,0.9800341768707483
Architecture B,34967.0,0.0,Group_7,1,FFT,0.309980952380952,0.309980952380952,0.309980952380952,0.309980952380952,0.228228571428571,0.228228571428571,0.228228571428571,0.228228571428571,0.9292534900680274,0.9292534900680274,0.9292534900680274,0.9292534900680274
Architecture B,67735.0,0.0,Group_7,1,Properties,0.614133333333333,0.614133333333333,0.614133333333333,0.614133333333333,0.479085714285714,0.479085714285714,0.479085714285714,0.479085714285714,0.7057774933333336,0.7057774933333336,0.7057774933333336,0.7057774933333336
Architecture B,18583.0,0.0,bepler,0,PLM,0.7096,0.7096,0.7096,0.7096,0.693942857142857,0.693942857142857,0.693942857142857,0.693942857142857,0.5075781485714287,0.5075781485714287,0.5075781485714287,0.5075781485714287
Architecture B,18583.0,0.0,bepler,1,PLM,0.769790476190476,0.769790476190476,0.769790476190476,0.769790476190476,0.736,0.736,0.736,0.736,0.4334342095238096,0.4334342095238096,0.4334342095238096,0.4334342095238096
Architecture B,166039.0,0.0,esm,0,PLM,0.992114285714286,0.992114285714286,0.992114285714286,0.992114285714286,0.948342857142857,0.948342857142857,0.948342857142857,0.948342857142857,0.059135503673469314,0.059135503673469314,0.059135503673469314,0.059135503673469314
Architecture B,166039.0,0.0,esm,1,PLM,0.995847619047619,0.995847619047619,0.995847619047619,0.995847619047619,0.947657142857143,0.947657142857143,0.947657142857143,0.947657142857143,0.05627789061224486,0.05627789061224486,0.05627789061224486,0.05627789061224486
Architecture B,67735.0,0.0,fasttext,0,PLM,0.141333333333333,0.141333333333333,0.141333333333333,0.141333333333333,0.147428571428571,0.147428571428571,0.147428571428571,0.147428571428571,0.9791634285714287,0.9791634285714287,0.9791634285714287,0.9791634285714287
Architecture B,67735.0,0.0,fasttext,1,PLM,0.728952380952381,0.728952380952381,0.728952380952381,0.728952380952381,0.528,0.528,0.528,0.528,0.6151131428571428,0.6151131428571428,0.6151131428571428,0.6151131428571428
Architecture B,67735.0,0.0,glove,0,PLM,0.141142857142857,0.141142857142857,0.141142857142857,0.141142857142857,0.148571428571429,0.148571428571429,0.148571428571429,0.148571428571429,0.9790302040816327,0.9790302040816327,0.9790302040816327,0.9790302040816327
Architecture B,67735.0,0.0,glove,1,PLM,0.684876190476191,0.684876190476191,0.684876190476191,0.684876190476191,0.507542857142857,0.507542857142857,0.507542857142857,0.507542857142857,0.6523959814965985,0.6523959814965985,0.6523959814965985,0.6523959814965985
Architecture B,133271.0,0.0,plus_rnn,0,PLM,0.913866666666667,0.913866666666667,0.913866666666667,0.913866666666667,0.866171428571429,0.866171428571429,0.866171428571429,0.866171428571429,0.20843480380952306,0.20843480380952306,0.20843480380952306,0.20843480380952306
Architecture B,133271.0,0.0,plus_rnn,1,PLM,0.988152380952381,0.988152380952381,0.988152380952381,0.988152380952381,0.9,0.9,0.9,0.9,0.11066285714285706,0.11066285714285706,0.11066285714285706,0.11066285714285706
Architecture B,133271.0,0.0,prottrans,0,PLM,0.14247619047619,0.14247619047619,0.14247619047619,0.14247619047619,0.144,0.144,0.144,0.144,0.9794834285714287,0.9794834285714287,0.9794834285714287,0.9794834285714287
Architecture B,133271.0,0.0,prottrans,1,PLM,0.969295238095238,0.969295238095238,0.969295238095238,0.969295238095238,0.767542857142857,0.767542857142857,0.767542857142857,0.767542857142857,0.2560243635374152,0.2560243635374152,0.2560243635374152,0.2560243635374152
Architecture C,75527.0,0.0,Group_0,0,Properties,0.140190476190476,0.140190476190476,0.140190476190476,0.140190476190476,0.150857142857143,0.150857142857143,0.150857142857143,0.150857142857143,0.9788512653061224,0.9788512653061224,0.9788512653061224,0.9788512653061224
Architecture C,75527.0,0.0,Group_0,1,Properties,0.433676190476191,0.433676190476191,0.433676190476191,0.433676190476191,0.3208,0.3208,0.3208,0.3208,0.8608766780952379,0.8608766780952379,0.8608766780952379,0.8608766780952379
Architecture C,46855.0,0.0,Group_1,0,FFT,0.142933333333333,0.142933333333333,0.142933333333333,0.142933333333333,0.142628571428571,0.142628571428571,0.142628571428571,0.142628571428571,0.9796136228571429,0.9796136228571429,0.9796136228571429,0.9796136228571429
Architecture C,46855.0,0.0,Group_1,1,FFT,0.338209523809524,0.338209523809524,0.338209523809524,0.338209523809524,0.226285714285714,0.226285714285714,0.226285714285714,0.226285714285714,0.9234680163265306,0.9234680163265306,0.9234680163265306,0.9234680163265306
Architecture C,46855.0,0.0,Group_2,0,FFT,0.143771428571429,0.143771428571429,0.143771428571429,0.143771428571429,0.140114285714286,0.140114285714286,0.140114285714286,0.140114285714286,0.9798555689795917,0.9798555689795917,0.9798555689795917,0.9798555689795917
Architecture C,75527.0,0.0,Group_2,0,Properties,0.144685714285714,0.144685714285714,0.144685714285714,0.144685714285714,0.137371428571429,0.137371428571429,0.137371428571429,0.137371428571429,0.9801243167346938,0.9801243167346938,0.9801243167346938,0.9801243167346938
Architecture C,46855.0,0.0,Group_2,1,FFT,0.351314285714286,0.351314285714286,0.351314285714286,0.351314285714286,0.230742857142857,0.230742857142857,0.230742857142857,0.230742857142857,0.9189367379591836,0.9189367379591836,0.9189367379591836,0.9189367379591836
Architecture C,75527.0,0.0,Group_2,1,Properties,0.711047619047619,0.711047619047619,0.711047619047619,0.711047619047619,0.512342857142857,0.512342857142857,0.512342857142857,0.512342857142857,0.6356998312925171,0.6356998312925171,0.6356998312925171,0.6356998312925171
Architecture C,46855.0,0.0,Group_3,0,FFT,0.1432,0.1432,0.1432,0.1432,0.141828571428571,0.141828571428571,0.141828571428571,0.141828571428571,0.9796901485714287,0.9796901485714287,0.9796901485714287,0.9796901485714287
Architecture C,75527.0,0.0,Group_3,0,Properties,0.143352380952381,0.143352380952381,0.143352380952381,0.143352380952381,0.141371428571429,0.141371428571429,0.141371428571429,0.141371428571429,0.9797340691156462,0.9797340691156462,0.9797340691156462,0.9797340691156462
Architecture C,46855.0,0.0,Group_3,1,FFT,0.358476190476191,0.358476190476191,0.358476190476191,0.358476190476191,0.244457142857143,0.244457142857143,0.244457142857143,0.244457142857143,0.9123679346938773,0.9123679346938773,0.9123679346938773,0.9123679346938773
Architecture C,75527.0,0.0,Group_3,1,Properties,0.704152380952381,0.704152380952381,0.704152380952381,0.704152380952381,0.510971428571429,0.510971428571429,0.510971428571429,0.510971428571429,0.6401982519727889,0.6401982519727889,0.6401982519727889,0.6401982519727889
Architecture C,46855.0,0.0,Group_4,0,FFT,0.142933333333333,0.142933333333333,0.142933333333333,0.142933333333333,0.142628571428571,0.142628571428571,0.142628571428571,0.142628571428571,0.9796136228571429,0.9796136228571429,0.9796136228571429,0.9796136228571429
Architecture C,75527.0,0.0,Group_4,0,Properties,0.141980952380952,0.141980952380952,0.141980952380952,0.141980952380952,0.145485714285714,0.145485714285714,0.145485714285714,0.145485714285714,0.9793437997278912,0.9793437997278912,0.9793437997278912,0.9793437997278912
Architecture C,46855.0,0.0,Group_4,1,FFT,0.301866666666667,0.301866666666667,0.301866666666667,0.301866666666667,0.231085714285714,0.231085714285714,0.231085714285714,0.231085714285714,0.9302429257142857,0.9302429257142857,0.9302429257142857,0.9302429257142857
Architecture C,75527.0,0.0,Group_4,1,Properties,0.747885714285714,0.747885714285714,0.747885714285714,0.747885714285714,0.569942857142857,0.569942857142857,0.569942857142857,0.569942857142857,0.5737478791836738,0.5737478791836738,0.5737478791836738,0.5737478791836738
Architecture C,46855.0,0.0,Group_5,0,FFT,0.141904761904762,0.141904761904762,0.141904761904762,0.141904761904762,0.145714285714286,0.145714285714286,0.145714285714286,0.145714285714286,0.9793224489795918,0.9793224489795918,0.9793224489795918,0.9793224489795918
Architecture C,75527.0,0.0,Group_5,0,Properties,0.142247619047619,0.142247619047619,0.142247619047619,0.142247619047619,0.144685714285714,0.144685714285714,0.144685714285714,0.144685714285714,0.9794188016326532,0.9794188016326532,0.9794188016326532,0.9794188016326532
Architecture C,46855.0,0.0,Group_5,1,FFT,0.358552380952381,0.358552380952381,0.358552380952381,0.358552380952381,0.221714285714286,0.221714285714286,0.221714285714286,0.221714285714286,0.9205038149659863,0.9205038149659863,0.9205038149659863,0.9205038149659863
Architecture C,75527.0,0.0,Group_5,1,Properties,0.695885714285714,0.695885714285714,0.695885714285714,0.695885714285714,0.4856,0.4856,0.4856,0.4856,0.6620778971428574,0.6620778971428574,0.6620778971428574,0.6620778971428574
Architecture C,46855.0,0.0,Group_6,0,FFT,0.142628571428571,0.142628571428571,0.142628571428571,0.142628571428571,0.143542857142857,0.143542857142857,0.143542857142857,0.143542857142857,0.9795266873469388,0.9795266873469388,0.9795266873469388,0.9795266873469388
Architecture C,75527.0,0.0,Group_6,0,Properties,0.143771428571429,0.143771428571429,0.143771428571429,0.143771428571429,0.140114285714286,0.140114285714286,0.140114285714286,0.140114285714286,0.9798555689795917,0.9798555689795917,0.9798555689795917,0.9798555689795917
Architecture C,46855.0,0.0,Group_6,1,FFT,0.328495238095238,0.328495238095238,0.328495238095238,0.328495238095238,0.222857142857143,0.222857142857143,0.222857142857143,0.222857142857143,0.9267924897959183,0.9267924897959183,0.9267924897959183,0.9267924897959183
Architecture C,75527.0,0.0,Group_6,1,Properties,0.789104761904762,0.789104761904762,0.789104761904762,0.789104761904762,0.611085714285714,0.611085714285714,0.611085714285714,0.611085714285714,0.5177893529251703,0.5177893529251703,0.5177893529251703,0.5177893529251703
Architecture C,46855.0,0.0,Group_7,0,FFT,0.14327619047619,0.14327619047619,0.14327619047619,0.14327619047619,0.1416,0.1416,0.1416,0.1416,0.9797120914285715,0.9797120914285715,0.9797120914285715,0.9797120914285715
Architecture C,75527.0,0.0,Group_7,0,Properties,0.14167619047619,0.14167619047619,0.14167619047619,0.14167619047619,0.1464,0.1464,0.1464,0.1464,0.9792586057142858,0.9792586057142858,0.9792586057142858,0.9792586057142858
Architecture C,46855.0,0.0,Group_7,1,FFT,0.308342857142857,0.308342857142857,0.308342857142857,0.308342857142857,0.240571428571429,0.240571428571429,0.240571428571429,0.240571428571429,0.9258215183673468,0.9258215183673468,0.9258215183673468,0.9258215183673468
Architecture C,75527.0,0.0,Group_7,1,Properties,0.820419047619048,0.820419047619048,0.820419047619048,0.820419047619048,0.6328,0.6328,0.6328,0.6328,0.48083882666666633,0.48083882666666633,0.48083882666666633,0.48083882666666633
Architecture C,30471.0,0.0,bepler,0,PLM,0.757295238095238,0.757295238095238,0.757295238095238,0.757295238095238,0.727314285714286,0.727314285714286,0.727314285714286,0.727314285714286,0.4492083548299318,0.4492083548299318,0.4492083548299318,0.4492083548299318
Architecture C,30471.0,0.0,bepler,1,PLM,0.819085714285714,0.819085714285714,0.819085714285714,0.819085714285714,0.763657142857143,0.763657142857143,0.763657142857143,0.763657142857143,0.3744993436734695,0.3744993436734695,0.3744993436734695,0.3744993436734695
Architecture C,177927.0,0.0,esm,0,PLM,0.982742857142857,0.982742857142857,0.982742857142857,0.982742857142857,0.934285714285714,0.934285714285714,0.934285714285714,0.934285714285714,0.08183738775510241,0.08183738775510241,0.08183738775510241,0.08183738775510241
Architecture C,177927.0,0.0,esm,1,PLM,0.996495238095238,0.996495238095238,0.996495238095238,0.996495238095238,0.941942857142857,0.941942857142857,0.941942857142857,0.941942857142857,0.061358428299320034,0.061358428299320034,0.061358428299320034,0.061358428299320034
Architecture C,79623.0,0.0,fasttext,0,PLM,0.143809523809524,0.143809523809524,0.143809523809524,0.143809523809524,0.14,0.14,0.14,0.14,0.9798666666666667,0.9798666666666667,0.9798666666666667,0.9798666666666667
Architecture C,79623.0,0.0,fasttext,1,PLM,0.737028571428572,0.737028571428572,0.737028571428572,0.737028571428572,0.505142857142857,0.505142857142857,0.505142857142857,0.505142857142857,0.6276952816326529,0.6276952816326529,0.6276952816326529,0.6276952816326529
Architecture C,79623.0,0.0,glove,0,PLM,0.143504761904762,0.143504761904762,0.143504761904762,0.143504761904762,0.141485714285714,0.141485714285714,0.141485714285714,0.141485714285714,0.9796961262585034,0.9796961262585034,0.9796961262585034,0.9796961262585034
Architecture C,79623.0,0.0,glove,1,PLM,0.710895238095238,0.710895238095238,0.710895238095238,0.710895238095238,0.480114285714286,0.480114285714286,0.480114285714286,0.480114285714286,0.6586890405442175,0.6586890405442175,0.6586890405442175,0.6586890405442175
Architecture C,145159.0,0.0,plus_rnn,0,PLM,0.93767619047619,0.93767619047619,0.93767619047619,0.93767619047619,0.857142857142857,0.857142857142857,0.857142857142857,0.857142857142857,0.19627755102040867,0.19627755102040867,0.19627755102040867,0.19627755102040867
Architecture C,145159.0,0.0,plus_rnn,1,PLM,0.988761904761905,0.988761904761905,0.988761904761905,0.988761904761905,0.897257142857143,0.897257142857143,0.897257142857143,0.897257142857143,0.11282631836734669,0.11282631836734669,0.11282631836734669,0.11282631836734669
Architecture C,145159.0,0.0,prottrans,0,PLM,0.783161904761905,0.783161904761905,0.783161904761905,0.783161904761905,0.668685714285714,0.668685714285714,0.668685714285714,0.668685714285714,0.4763108223129253,0.4763108223129253,0.4763108223129253,0.4763108223129253
Architecture C,145159.0,0.0,prottrans,1,PLM,0.965409523809524,0.965409523809524,0.965409523809524,0.965409523809524,0.748342857142857,0.748342857142857,0.748342857142857,0.748342857142857,0.2775426786394558,0.2775426786394558,0.2775426786394558,0.2775426786394558
Architecture D,77879.0,0.0,Group_0,0,Properties,0.143466666666667,0.143466666666667,0.143466666666667,0.143466666666667,0.141028571428571,0.141028571428571,0.141028571428571,0.141028571428571,0.979767100952381,0.979767100952381,0.979767100952381,0.979767100952381
Architecture D,77879.0,0.0,Group_0,1,Properties,0.413561904761905,0.413561904761905,0.413561904761905,0.413561904761905,0.331428571428571,0.331428571428571,0.331428571428571,0.331428571428571,0.8629337687074831,0.8629337687074831,0.8629337687074831,0.8629337687074831
Architecture D,49207.0,0.0,Group_1,0,FFT,0.143085714285714,0.143085714285714,0.143085714285714,0.143085714285714,0.142171428571429,0.142171428571429,0.142171428571429,0.142171428571429,0.9796572995918367,0.9796572995918367,0.9796572995918367,0.9796572995918367
Architecture D,49207.0,0.0,Group_1,1,FFT,0.33912380952381,0.33912380952381,0.33912380952381,0.33912380952381,0.2288,0.2288,0.2288,0.2288,0.9224084723809522,0.9224084723809522,0.9224084723809522,0.9224084723809522
Architecture D,49207.0,0.0,Group_2,0,FFT,0.142361904761905,0.142361904761905,0.142361904761905,0.142361904761905,0.144342857142857,0.144342857142857,0.144342857142857,0.144342857142857,0.9794510759183673,0.9794510759183673,0.9794510759183673,0.9794510759183673
Architecture D,77879.0,0.0,Group_2,0,Properties,0.144419047619048,0.144419047619048,0.144419047619048,0.144419047619048,0.138171428571429,0.138171428571429,0.138171428571429,0.138171428571429,0.980045413877551,0.980045413877551,0.980045413877551,0.980045413877551
Architecture D,49207.0,0.0,Group_2,1,FFT,0.416761904761905,0.416761904761905,0.416761904761905,0.416761904761905,0.242857142857143,0.242857142857143,0.242857142857143,0.242857142857143,0.898786394557823,0.898786394557823,0.898786394557823,0.898786394557823
Architecture D,77879.0,0.0,Group_2,1,Properties,0.698514285714286,0.698514285714286,0.698514285714286,0.698514285714286,0.508114285714286,0.508114285714286,0.508114285714286,0.508114285714286,0.6450749126530609,0.6450749126530609,0.6450749126530609,0.6450749126530609
Architecture D,49207.0,0.0,Group_3,0,FFT,0.14312380952381,0.14312380952381,0.14312380952381,0.14312380952381,0.142057142857143,0.142057142857143,0.142057142857143,0.142057142857143,0.9796682405442176,0.9796682405442176,0.9796682405442176,0.9796682405442176
Architecture D,77879.0,0.0,Group_3,0,Properties,0.142819047619048,0.142819047619048,0.142819047619048,0.142819047619048,0.142971428571429,0.142971428571429,0.142971428571429,0.142971428571429,0.9795809567346938,0.9795809567346938,0.9795809567346938,0.9795809567346938
Architecture D,49207.0,0.0,Group_3,1,FFT,0.417180952380952,0.417180952380952,0.417180952380952,0.417180952380952,0.252914285714286,0.252914285714286,0.252914285714286,0.252914285714286,0.894488977414966,0.894488977414966,0.894488977414966,0.894488977414966
Architecture D,77879.0,0.0,Group_3,1,Properties,0.445142857142857,0.445142857142857,0.445142857142857,0.445142857142857,0.342971428571429,0.342971428571429,0.342971428571429,0.342971428571429,0.8473287183673468,0.8473287183673468,0.8473287183673468,0.8473287183673468
Architecture D,49207.0,0.0,Group_4,0,FFT,0.141828571428571,0.141828571428571,0.141828571428571,0.141828571428571,0.145942857142857,0.145942857142857,0.145942857142857,0.145942857142857,0.9793011330612246,0.9793011330612246,0.9793011330612246,0.9793011330612246
Architecture D,77879.0,0.0,Group_4,0,Properties,0.144228571428571,0.144228571428571,0.144228571428571,0.144228571428571,0.138742857142857,0.138742857142857,0.138742857142857,0.138742857142857,0.9799893159183675,0.9799893159183675,0.9799893159183675,0.9799893159183675
Architecture D,49207.0,0.0,Group_4,1,FFT,0.366704761904762,0.366704761904762,0.366704761904762,0.366704761904762,0.2312,0.2312,0.2312,0.2312,0.915217859047619,0.915217859047619,0.915217859047619,0.915217859047619
Architecture D,77879.0,0.0,Group_4,1,Properties,0.732609523809524,0.732609523809524,0.732609523809524,0.732609523809524,0.575771428571429,0.575771428571429,0.575771428571429,0.575771428571429,0.578184367891156,0.578184367891156,0.578184367891156,0.578184367891156
Architecture D,49207.0,0.0,Group_5,0,FFT,0.143009523809524,0.143009523809524,0.143009523809524,0.143009523809524,0.1424,0.1424,0.1424,0.1424,0.9796354438095238,0.9796354438095238,0.9796354438095238,0.9796354438095238
Architecture D,77879.0,0.0,Group_5,0,Properties,0.144228571428571,0.144228571428571,0.144228571428571,0.144228571428571,0.138742857142857,0.138742857142857,0.138742857142857,0.138742857142857,0.9799893159183675,0.9799893159183675,0.9799893159183675,0.9799893159183675
Architecture D,49207.0,0.0,Group_5,1,FFT,0.367504761904762,0.367504761904762,0.367504761904762,0.367504761904762,0.235657142857143,0.235657142857143,0.235657142857143,0.235657142857143,0.9133948778231291,0.9133948778231291,0.9133948778231291,0.9133948778231291
Architecture D,77879.0,0.0,Group_5,1,Properties,0.664495238095238,0.664495238095238,0.664495238095238,0.664495238095238,0.498971428571429,0.498971428571429,0.498971428571429,0.498971428571429,0.6684358617687072,0.6684358617687072,0.6684358617687072,0.6684358617687072
Architecture D,49207.0,0.0,Group_6,0,FFT,0.14472380952381,0.14472380952381,0.14472380952381,0.14472380952381,0.137257142857143,0.137257142857143,0.137257142857143,0.137257142857143,0.9801356234013605,0.9801356234013605,0.9801356234013605,0.9801356234013605
Architecture D,77879.0,0.0,Group_6,0,Properties,0.143047619047619,0.143047619047619,0.143047619047619,0.143047619047619,0.142285714285714,0.142285714285714,0.142285714285714,0.142285714285714,0.9796463673469388,0.9796463673469388,0.9796463673469388,0.9796463673469388
Architecture D,49207.0,0.0,Group_6,1,FFT,0.348304761904762,0.348304761904762,0.348304761904762,0.348304761904762,0.224914285714286,0.224914285714286,0.224914285714286,0.224914285714286,0.9216612832653059,0.9216612832653059,0.9216612832653059,0.9216612832653059
Architecture D,77879.0,0.0,Group_6,1,Properties,0.753790476190476,0.753790476190476,0.753790476190476,0.753790476190476,0.586514285714286,0.586514285714286,0.586514285714286,0.586514285714286,0.5578911172789114,0.5578911172789114,0.5578911172789114,0.5578911172789114
Architecture D,49207.0,0.0,Group_7,0,FFT,0.143809523809524,0.143809523809524,0.143809523809524,0.143809523809524,0.14,0.14,0.14,0.14,0.9798666666666667,0.9798666666666667,0.9798666666666667,0.9798666666666667
Architecture D,77879.0,0.0,Group_7,0,Properties,0.14407619047619,0.14407619047619,0.14407619047619,0.14407619047619,0.1392,0.1392,0.1392,0.1392,0.9799445942857143,0.9799445942857143,0.9799445942857143,0.9799445942857143
Architecture D,49207.0,0.0,Group_7,1,FFT,0.361828571428571,0.361828571428571,0.361828571428571,0.361828571428571,0.231428571428571,0.231428571428571,0.231428571428571,0.231428571428571,0.9162625306122452,0.9162625306122452,0.9162625306122452,0.9162625306122452
Architecture D,77879.0,0.0,Group_7,1,Properties,0.768380952380952,0.768380952380952,0.768380952380952,0.768380952380952,0.568114285714286,0.568114285714286,0.568114285714286,0.568114285714286,0.5634718040816327,0.5634718040816327,0.5634718040816327,0.5634718040816327
Architecture D,32823.0,0.0,bepler,0,PLM,0.752380952380952,0.752380952380952,0.752380952380952,0.752380952380952,0.725828571428571,0.725828571428571,0.725828571428571,0.725828571428571,0.4539004081632658,0.4539004081632658,0.4539004081632658,0.4539004081632658
Architecture D,32823.0,0.0,bepler,1,PLM,0.805066666666667,0.805066666666667,0.805066666666667,0.805066666666667,0.750628571428571,0.750628571428571,0.750628571428571,0.750628571428572,0.3956939580952382,0.3956939580952382,0.3956939580952382,0.39569395809523733
Architecture D,180279.0,0.0,esm,0,PLM,0.143085714285714,0.143085714285714,0.143085714285714,0.143085714285714,0.142171428571429,0.142171428571429,0.142171428571429,0.142171428571429,0.9796572995918367,0.9796572995918367,0.9796572995918367,0.9796572995918367
Architecture D,180279.0,0.0,esm,1,PLM,0.992,0.992,0.992,0.992,0.944914285714286,0.944914285714286,0.944914285714286,0.944914285714286,0.06264502857142829,0.06264502857142829,0.06264502857142829,0.06264502857142829
Architecture D,81975.0,0.0,fasttext,0,PLM,0.142704761904762,0.142704761904762,0.142704761904762,0.142704761904762,0.143314285714286,0.143314285714286,0.143314285714286,0.143314285714286,0.9795483689795917,0.9795483689795917,0.9795483689795917,0.9795483689795917
Architecture D,81975.0,0.0,fasttext,1,PLM,0.712761904761905,0.712761904761905,0.712761904761905,0.712761904761905,0.501257142857143,0.501257142857143,0.501257142857143,0.501257142857143,0.6427230040816325,0.6427230040816325,0.6427230040816325,0.6427230040816325
Architecture D,81975.0,0.0,glove,0,PLM,0.141561904761905,0.141561904761905,0.141561904761905,0.141561904761905,0.146742857142857,0.146742857142857,0.146742857142857,0.146742857142857,0.9792268016326531,0.9792268016326531,0.9792268016326531,0.9792268016326531
Architecture D,81975.0,0.0,glove,1,PLM,0.680495238095238,0.680495238095238,0.680495238095238,0.680495238095238,0.486857142857143,0.486857142857143,0.486857142857143,0.486857142857143,0.6686960326530611,0.6686960326530611,0.6686960326530611,0.6686960326530611
Architecture D,147511.0,0.0,plus_rnn,0,PLM,0.894133333333333,0.894133333333333,0.894133333333333,0.894133333333333,0.830285714285714,0.830285714285714,0.830285714285714,0.830285714285714,0.2576138666666672,0.2576138666666672,0.2576138666666672,0.2576138666666672
Architecture D,147511.0,0.0,plus_rnn,1,PLM,0.966438095238095,0.966438095238095,0.966438095238095,0.966438095238095,0.885371428571429,0.885371428571429,0.885371428571429,0.885371428571429,0.14434332299319708,0.14434332299319708,0.14434332299319708,0.14434332299319708
Architecture D,147511.0,0.0,prottrans,0,PLM,0.270780952380952,0.270780952380952,0.270780952380952,0.270780952380952,0.272457142857143,0.272457142857143,0.272457142857143,0.272457142857143,0.9262237953741497,0.9262237953741497,0.9262237953741497,0.9262237953741497
Architecture D,147511.0,0.0,prottrans,1,PLM,0.928266666666667,0.928266666666667,0.928266666666667,0.928266666666667,0.725142857142857,0.725142857142857,0.725142857142857,0.725142857142857,0.326874057142857,0.326874057142857,0.326874057142857,0.326874057142857
Architecture E,17591.0,0.0,Group_0,0,Properties,0.143161904761905,0.143161904761905,0.143161904761905,0.143161904761905,0.141942857142857,0.141942857142857,0.141942857142857,0.141942857142857,0.9796791902040816,0.9796791902040816,0.9796791902040816,0.9796791902040816
Architecture E,17591.0,0.0,Group_0,1,Properties,0.275085714285714,0.275085714285714,0.275085714285714,0.275085714285714,0.143085714285714,0.143085714285714,0.143085714285714,0.143085714285714,0.9606391640816327,0.9606391640816327,0.9606391640816327,0.9606391640816327
Architecture E,17591.0,0.0,Group_2,0,Properties,0.14152380952381,0.14152380952381,0.14152380952381,0.14152380952381,0.146857142857143,0.146857142857143,0.146857142857143,0.146857142857143,0.9792162176870748,0.9792162176870748,0.9792162176870748,0.9792162176870748
Architecture E,17591.0,0.0,Group_2,1,Properties,0.400685714285714,0.400685714285714,0.400685714285714,0.400685714285714,0.140457142857143,0.140457142857143,0.140457142857143,0.140457142857143,0.943720829387755,0.943720829387755,0.943720829387755,0.943720829387755
Architecture E,17591.0,0.0,Group_3,0,Properties,0.142171428571429,0.142171428571429,0.142171428571429,0.142171428571429,0.144914285714286,0.144914285714286,0.144914285714286,0.144914285714286,0.9793973289795918,0.9793973289795918,0.9793973289795918,0.9793973289795918
Architecture E,17591.0,0.0,Group_3,1,Properties,0.282285714285714,0.282285714285714,0.282285714285714,0.282285714285714,0.142285714285714,0.142285714285714,0.142285714285714,0.142285714285714,0.9598347755102042,0.9598347755102042,0.9598347755102042,0.9598347755102042
Architecture E,17591.0,0.0,Group_4,0,Properties,0.142704761904762,0.142704761904762,0.142704761904762,0.142704761904762,0.1432,0.1432,0.1432,0.1432,0.9795646780952381,0.9795646780952381,0.9795646780952381,0.9795646780952381
Architecture E,17591.0,0.0,Group_4,1,Properties,0.378171428571429,0.378171428571429,0.378171428571429,0.378171428571429,0.137142857142857,0.137142857142857,0.137142857142857,0.137142857142857,0.9481364897959184,0.9481364897959184,0.9481364897959184,0.9481364897959184
Architecture E,17591.0,0.0,Group_5,0,Properties,0.144114285714286,0.144114285714286,0.144114285714286,0.144114285714286,0.139085714285714,0.139085714285714,0.139085714285714,0.139085714285714,0.9799557616326531,0.9799557616326531,0.9799557616326531,0.9799557616326531
Architecture E,17591.0,0.0,Group_5,1,Properties,0.319161904761905,0.319161904761905,0.319161904761905,0.319161904761905,0.145257142857143,0.145257142857143,0.145257142857143,0.145257142857143,0.9536394536054421,0.9536394536054421,0.9536394536054421,0.9536394536054421
Architecture E,17591.0,0.0,Group_6,0,Properties,0.143047619047619,0.143047619047619,0.143047619047619,0.143047619047619,0.142285714285714,0.142285714285714,0.142285714285714,0.142285714285714,0.9796463673469388,0.9796463673469388,0.9796463673469388,0.9796463673469388
Architecture E,17591.0,0.0,Group_6,1,Properties,0.446095238095238,0.446095238095238,0.446095238095238,0.446095238095238,0.144,0.144,0.144,0.144,0.9357622857142858,0.9357622857142858,0.9357622857142858,0.9357622857142858
Architecture E,17591.0,0.0,Group_7,0,Properties,0.142285714285714,0.142285714285714,0.142285714285714,0.142285714285714,0.144571428571429,0.144571428571429,0.144571428571429,0.144571428571429,0.9794295510204082,0.9794295510204082,0.9794295510204082,0.9794295510204082
Architecture E,17591.0,0.0,Group_7,1,Properties,0.4488,0.4488,0.4488,0.4488,0.141485714285714,0.141485714285714,0.141485714285714,0.141485714285714,0.9365012114285716,0.9365012114285716,0.9365012114285716,0.9365012114285716
Architecture E,50359.0,0.0,esm,0,PLM,0.207466666666667,0.207466666666667,0.207466666666667,0.207466666666667,0.145942857142857,0.145942857142857,0.145942857142857,0.145942857142857,0.9697217219047619,0.9697217219047619,0.9697217219047619,0.9697217219047619
Architecture E,50359.0,0.0,esm,1,PLM,0.14472380952381,0.14472380952381,0.14472380952381,0.14472380952381,0.137257142857143,0.137257142857143,0.137257142857143,0.137257142857143,0.9801356234013605,0.9801356234013605,0.9801356234013605,0.9801356234013605
Architecture E,17591.0,0.0,fasttext,0,PLM,0.156990476190476,0.156990476190476,0.156990476190476,0.156990476190476,0.1376,0.1376,0.1376,0.1376,0.9783981104761905,0.9783981104761905,0.9783981104761905,0.9783981104761905
Architecture E,17591.0,0.0,fasttext,1,PLM,0.367504761904762,0.367504761904762,0.367504761904762,0.367504761904762,0.143085714285714,0.143085714285714,0.143085714285714,0.143085714285714,0.9474153186394558,0.9474153186394558,0.9474153186394558,0.9474153186394558
Architecture E,17591.0,0.0,glove,0,PLM,0.173257142857143,0.173257142857143,0.173257142857143,0.173257142857143,0.139771428571429,0.139771428571429,0.139771428571429,0.139771428571429,0.975783601632653,0.975783601632653,0.975783601632653,0.975783601632653
Architecture E,17591.0,0.0,glove,1,PLM,0.268876190476191,0.268876190476191,0.268876190476191,0.268876190476191,0.144342857142857,0.144342857142857,0.144342857142857,0.144342857142857,0.9611896424489795,0.9611896424489795,0.9611896424489795,0.9611896424489795
Architecture E,50359.0,0.0,plus_rnn,0,PLM,0.155352380952381,0.155352380952381,0.155352380952381,0.155352380952381,0.147885714285714,0.147885714285714,0.147885714285714,0.147885714285714,0.9770256021768707,0.9770256021768707,0.9770256021768707,0.9770256021768707
Architecture E,50359.0,0.0,plus_rnn,1,PLM,0.589447619047619,0.589447619047619,0.589447619047619,0.589447619047619,0.138742857142857,0.138742857142857,0.138742857142857,0.138742857142857,0.918218353197279,0.918218353197279,0.918218353197279,0.918218353197279
Architecture E,50359.0,0.0,prottrans,0,PLM,0.155847619047619,0.155847619047619,0.155847619047619,0.155847619047619,0.143428571428571,0.143428571428571,0.143428571428571,0.143428571428571,0.9776469986394558,0.9776469986394558,0.9776469986394558,0.9776469986394558
Architecture E,50359.0,0.0,prottrans,1,PLM,0.143085714285714,0.143085714285714,0.143085714285714,0.143085714285714,0.142171428571429,0.142171428571429,0.142171428571429,0.142171428571429,0.9796572995918367,0.9796572995918367,0.9796572995918367,0.9796572995918367
Architecture F,15287.0,0.0,Group_0,0,Properties,0.142438095238095,0.142438095238095,0.142438095238095,0.142438095238095,0.144114285714286,0.144114285714286,0.144114285714286,0.144114285714286,0.9794726356462585,0.9794726356462585,0.9794726356462585,0.9794726356462585
Architecture F,15287.0,0.0,Group_0,1,Properties,0.180571428571429,0.180571428571429,0.180571428571429,0.180571428571429,0.143771428571429,0.143771428571429,0.143771428571429,0.143771428571429,0.9740389877551019,0.9740389877551019,0.9740389877551019,0.9740389877551019
Architecture F,15287.0,0.0,Group_2,0,Properties,0.142095238095238,0.142095238095238,0.142095238095238,0.142095238095238,0.145142857142857,0.145142857142857,0.145142857142857,0.145142857142857,0.9793758911564626,0.9793758911564626,0.9793758911564626,0.9793758911564626
Architecture F,15287.0,0.0,Group_2,1,Properties,0.198438095238095,0.198438095238095,0.198438095238095,0.198438095238095,0.140571428571429,0.140571428571429,0.140571428571429,0.140571428571429,0.9721052734693877,0.9721052734693877,0.9721052734693877,0.9721052734693877
Architecture F,15287.0,0.0,Group_3,0,Properties,0.142819047619048,0.142819047619048,0.142819047619048,0.142819047619048,0.142971428571429,0.142971428571429,0.142971428571429,0.142971428571429,0.9795809567346938,0.9795809567346938,0.9795809567346938,0.9795809567346938
Architecture F,15287.0,0.0,Group_3,1,Properties,0.184914285714286,0.184914285714286,0.184914285714286,0.184914285714286,0.146171428571429,0.146171428571429,0.146171428571429,0.146171428571429,0.9729708146938775,0.9729708146938775,0.9729708146938775,0.9729708146938775
Architecture F,15287.0,0.0,Group_4,0,Properties,0.141485714285714,0.141485714285714,0.141485714285714,0.141485714285714,0.146971428571429,0.146971428571429,0.146971428571429,0.146971428571429,0.9792056424489796,0.9792056424489796,0.9792056424489796,0.9792056424489796
Architecture F,15287.0,0.0,Group_4,1,Properties,0.225752380952381,0.225752380952381,0.225752380952381,0.225752380952381,0.139657142857143,0.139657142857143,0.139657142857143,0.139657142857143,0.9684720674829932,0.9684720674829932,0.9684720674829932,0.9684720674829932
Architecture F,15287.0,0.0,Group_5,0,Properties,0.143504761904762,0.143504761904762,0.143504761904762,0.143504761904762,0.140914285714286,0.140914285714286,0.140914285714286,0.140914285714286,0.9797781289795918,0.9797781289795918,0.9797781289795918,0.9797781289795918
Architecture F,15287.0,0.0,Group_5,1,Properties,0.156457142857143,0.156457142857143,0.156457142857143,0.156457142857143,0.1424,0.1424,0.1424,0.1424,0.9777205028571428,0.9777205028571428,0.9777205028571428,0.9777205028571428
Architecture F,15287.0,0.0,Group_6,0,Properties,0.143695238095238,0.143695238095238,0.143695238095238,0.143695238095238,0.140342857142857,0.140342857142857,0.140342857142857,0.140342857142857,0.9798333997278912,0.9798333997278912,0.9798333997278912,0.9798333997278912
Architecture F,15287.0,0.0,Group_6,1,Properties,0.226095238095238,0.226095238095238,0.226095238095238,0.226095238095238,0.141485714285714,0.141485714285714,0.141485714285714,0.141485714285714,0.9680107537414967,0.9680107537414967,0.9680107537414967,0.9680107537414967
Architecture F,15287.0,0.0,Group_7,0,Properties,0.14167619047619,0.14167619047619,0.14167619047619,0.14167619047619,0.1464,0.1464,0.1464,0.1464,0.9792586057142858,0.9792586057142858,0.9792586057142858,0.9792586057142858
Architecture F,15287.0,0.0,Group_7,1,Properties,0.213371428571429,0.213371428571429,0.213371428571429,0.213371428571429,0.143428571428571,0.143428571428571,0.143428571428571,0.143428571428571,0.9693964408163266,0.9693964408163266,0.9693964408163266,0.9693964408163266
Architecture F,31671.0,0.0,esm,0,PLM,0.157790476190476,0.157790476190476,0.157790476190476,0.157790476190476,0.147771428571429,0.147771428571429,0.147771428571429,0.147771428571429,0.9766830759183673,0.9766830759183673,0.9766830759183673,0.9766830759183673
Architecture F,31671.0,0.0,esm,1,PLM,0.14407619047619,0.14407619047619,0.14407619047619,0.14407619047619,0.1392,0.1392,0.1392,0.1392,0.9799445942857143,0.9799445942857143,0.9799445942857143,0.9799445942857143
Architecture F,15287.0,0.0,fasttext,0,PLM,0.146780952380952,0.146780952380952,0.146780952380952,0.146780952380952,0.143428571428571,0.143428571428571,0.143428571428571,0.143428571428571,0.9789474176870749,0.9789474176870749,0.9789474176870749,0.9789474176870749
Architecture F,15287.0,0.0,fasttext,1,PLM,0.143047619047619,0.143047619047619,0.143047619047619,0.143047619047619,0.142285714285714,0.142285714285714,0.142285714285714,0.142285714285714,0.9796463673469388,0.9796463673469388,0.9796463673469388,0.9796463673469388
Architecture F,15287.0,0.0,glove,0,PLM,0.14872380952381,0.14872380952381,0.14872380952381,0.14872380952381,0.146285714285714,0.146285714285714,0.146285714285714,0.146285714285714,0.978243831292517,0.978243831292517,0.978243831292517,0.978243831292517
Architecture F,15287.0,0.0,glove,1,PLM,0.203961904761905,0.203961904761905,0.203961904761905,0.203961904761905,0.143085714285714,0.143085714285714,0.143085714285714,0.143085714285714,0.9708159651700681,0.9708159651700681,0.9708159651700681,0.9708159651700681
Architecture F,31671.0,0.0,plus_rnn,0,PLM,0.153219047619048,0.153219047619048,0.153219047619048,0.153219047619048,0.139428571428571,0.139428571428571,0.139428571428571,0.139428571428571,0.97863688707483,0.97863688707483,0.97863688707483,0.97863688707483
Architecture F,31671.0,0.0,plus_rnn,1,PLM,0.274590476190476,0.274590476190476,0.274590476190476,0.274590476190476,0.139314285714286,0.139314285714286,0.139314285714286,0.139314285714286,0.9617456239455782,0.9617456239455782,0.9617456239455782,0.9617456239455782
Architecture F,31671.0,0.0,prottrans,0,PLM,0.152038095238095,0.152038095238095,0.152038095238095,0.152038095238095,0.142742857142857,0.142742857142857,0.142742857142857,0.142742857142857,0.9782976478911565,0.9782976478911565,0.9782976478911565,0.9782976478911565
Architecture F,31671.0,0.0,prottrans,1,PLM,0.144114285714286,0.144114285714286,0.144114285714286,0.144114285714286,0.139085714285714,0.139085714285714,0.139085714285714,0.139085714285714,0.9799557616326531,0.9799557616326531,0.9799557616326531,0.9799557616326531
Architecture G,48167.0,0.0,esm,0,PLM,0.14952380952381,0.14952380952381,0.14952380952381,0.14952380952381,0.147428571428571,0.147428571428571,0.147428571428571,0.147428571428571,0.977955918367347,0.977955918367347,0.977955918367347,0.977955918367347
Architecture G,48167.0,0.0,esm,1,PLM,0.143047619047619,0.143047619047619,0.143047619047619,0.143047619047619,0.142285714285714,0.142285714285714,0.142285714285714,0.142285714285714,0.9796463673469388,0.9796463673469388,0.9796463673469388,0.9796463673469388
Architecture G,42023.0,0.0,plus_rnn,0,PLM,0.146285714285714,0.146285714285714,0.146285714285714,0.146285714285714,0.139542857142857,0.139542857142857,0.139542857142857,0.139542857142857,0.9795868734693878,0.9795868734693878,0.9795868734693878,0.9795868734693878
Architecture G,42023.0,0.0,plus_rnn,1,PLM,0.22247619047619,0.22247619047619,0.22247619047619,0.22247619047619,0.142742857142857,0.142742857142857,0.142742857142857,0.142742857142857,0.9682431129251702,0.9682431129251702,0.9682431129251702,0.9682431129251702
Architecture G,42023.0,0.0,prottrans,0,PLM,0.144190476190476,0.144190476190476,0.144190476190476,0.144190476190476,0.145828571428571,0.145828571428571,0.145828571428571,0.145828571428571,0.9789729088435375,0.9789729088435375,0.9789729088435375,0.9789729088435375
Architecture G,42023.0,0.0,prottrans,1,PLM,0.144457142857143,0.144457142857143,0.144457142857143,0.144457142857143,0.138057142857143,0.138057142857143,0.138057142857143,0.138057142857143,0.9800566595918367,0.9800566595918367,0.9800566595918367,0.9800566595918367
Architecture H,58967.0,0.0,esm,0,PLM,0.145295238095238,0.145295238095238,0.145295238095238,0.145295238095238,0.145485714285714,0.145485714285714,0.145485714285714,0.145485714285714,0.9788616185034014,0.9788616185034014,0.9788616185034014,0.9788616185034014
Architecture H,58967.0,0.0,esm,1,PLM,0.144647619047619,0.144647619047619,0.144647619047619,0.144647619047619,0.137485714285714,0.137485714285714,0.137485714285714,0.137485714285714,0.9801130187755103,0.9801130187755103,0.9801130187755103,0.9801130187755103
Architecture H,46679.0,0.0,plus_rnn,0,PLM,0.14247619047619,0.14247619047619,0.14247619047619,0.14247619047619,0.144,0.144,0.144,0.144,0.9794834285714287,0.9794834285714287,0.9794834285714287,0.9794834285714287
Architecture H,46679.0,0.0,plus_rnn,1,PLM,0.184609523809524,0.184609523809524,0.184609523809524,0.184609523809524,0.136914285714286,0.136914285714286,0.136914285714286,0.136914285714286,0.9747243189115645,0.9747243189115645,0.9747243189115645,0.9747243189115645
Architecture H,46679.0,0.0,prottrans,0,PLM,0.143009523809524,0.143009523809524,0.143009523809524,0.143009523809524,0.1424,0.1424,0.1424,0.1424,0.9796354438095238,0.9796354438095238,0.9796354438095238,0.9796354438095238
Architecture H,46679.0,0.0,prottrans,1,PLM,0.143695238095238,0.143695238095238,0.143695238095238,0.143695238095238,0.140342857142857,0.140342857142857,0.140342857142857,0.140342857142857,0.9798333997278912,0.9798333997278912,0.9798333997278912,0.9798333997278912
KNN,,,bepler,0,PLM,0.818204081632653,0.818204081632653,0.817466867704022,0.81742750954759,0.824571428571429,0.824571428571429,0.823744477241767,0.82404085243215,0.3253322915451893,0.3266161824006857,0.3253322915451893,0.3264063382309145
GausianNB,,,bepler,0,PLM,0.415428571428571,0.415428571428571,0.369057895853974,0.365104337575049,0.416571428571429,0.416571428571429,0.360927075948557,0.363661782786914,0.8269443265306122,0.8667970127936981,0.8269443265306122,0.8672255056942224
Decision Tree,,,bepler,0,PLM,0.677714285714286,0.677714285714286,0.677481276442381,0.677436023556867,0.702571428571429,0.702571428571429,0.702418714647477,0.702481989555415,0.5238573061224485,0.5241244726036107,0.5238573061224485,0.524113394375263
Random Forest,,,bepler,0,PLM,0.825428571428571,0.825428571428571,0.827385153600087,0.825501197057095,0.837142857142857,0.837142857142857,0.83973346710667,0.837547565123056,0.3089983673469393,0.30521699633481425,0.3089983673469393,0.3086034823986621
Adaboost,,,bepler,0,PLM,0.447142857142857,0.447142857142857,0.435283975470906,0.433876035014019,0.48447619047619,0.48447619047619,0.478551778895481,0.472263067964147,0.7833699319727894,0.791694079213701,0.7833699319727894,0.7950963725881597
GradientBoostingClassifier,,,bepler,0,PLM,0.735918367346939,0.735918367346939,0.736856423547569,0.735012694712749,0.734380952380952,0.734380952380952,0.735034641289421,0.733552756807474,0.4595555685131196,0.458385003035907,0.4595555685131196,0.4608294115049727
KNN,,,esm,0,PLM,0.943714285714286,0.943714285714286,0.943833799815709,0.943615304184714,0.950190476190476,0.950190476190476,0.950363467361582,0.950148112489542,0.10329167346938772,0.10301483739408557,0.10329167346938772,0.10342569981264904
GausianNB,,,esm,0,PLM,0.657387755102041,0.657387755102041,0.675252684938309,0.661160247939022,0.661142857142857,0.661142857142857,0.679175140625676,0.664739189423754,0.5653727813411078,0.5413851627491587,0.5653727813411078,0.5605008727058063
Decision Tree,,,esm,0,PLM,0.70869387755102,0.70869387755102,0.708132685101144,0.708220503847538,0.726761904761905,0.726761904761905,0.727014957691929,0.726818716566214,0.4849482876579204,0.48517694590091964,0.4849482876579204,0.48525208234765504
Random Forest,,,esm,0,PLM,0.935224489795918,0.935224489795918,0.935997808993479,0.935396312137694,0.944761904761905,0.944761904761905,0.9453321110852,0.944950868240693,0.11643552964042769,0.11517121525307272,0.11643552964042769,0.11609644269634378
Adaboost,,,esm,0,PLM,0.44330612244898,0.44330612244898,0.439524560479739,0.436347524501007,0.436380952380952,0.436380952380952,0.43260201723606,0.428447554938406,0.8065496520894072,0.8098607885116722,0.8065496520894072,0.8130479700241173
GradientBoostingClassifier,,,esm,0,PLM,0.889183673469388,0.889183673469388,0.889700410799133,0.88917000247466,0.896857142857143,0.896857142857143,0.896914799503598,0.896795097111146,0.2025292711370259,0.20201453442982686,0.2025292711370259,0.20259670128241924
KNN,,,fasttext,0,PLM,0.597591836734694,0.597591836734694,0.6002303893503,0.592434085874814,0.624285714285714,0.624285714285714,0.627722491388457,0.620391473328815,0.6269319533527697,0.6232218845899661,0.6269319533527697,0.6324589446139144
GausianNB,,,fasttext,0,PLM,0.284571428571429,0.284571428571429,0.311416418345638,0.275314133211688,0.295428571428571,0.295428571428571,0.320251776303085,0.286125620930923,0.9159294693877551,0.9002683388548648,0.9159294693877551,0.9212255726837469
Decision Tree,,,fasttext,0,PLM,0.336163265306123,0.336163265306123,0.337400032547181,0.336539824442325,0.349428571428571,0.349428571428571,0.349460123632473,0.349404441264823,0.8825349504373178,0.8820921429124617,0.8825349504373178,0.8824114906773678
Random Forest,,,fasttext,0,PLM,0.538734693877551,0.538734693877551,0.536877219773596,0.536993301173023,0.557619047619048,0.557619047619048,0.556342443303734,0.556068475720431,0.6995912730806606,0.7013124157970418,0.6995912730806606,0.7013949535446347
Adaboost,,,fasttext,0,PLM,0.327673469387755,0.327673469387755,0.313044299188525,0.316713870121857,0.328571428571429,0.328571428571429,0.315418702991678,0.317078872315234,0.8923358600583089,0.9012599731710167,0.8923358600583089,0.8995767232151681
GradientBoostingClassifier,,,fasttext,0,PLM,0.48865306122449,0.48865306122449,0.486448395977486,0.486379187154627,0.493142857142857,0.493142857142857,0.489773308337579,0.490039247880839,0.7590242332361516,0.761750559766598,0.7590242332361516,0.7616551089418527
KNN,,,glove,0,PLM,0.551959183673469,0.551959183673469,0.55215485761088,0.546644697878604,0.579428571428571,0.579428571428571,0.58076804689698,0.575028917000036,0.6801790787172017,0.6793261017606491,0.6801790787172017,0.6856634913950544
GausianNB,,,glove,0,PLM,0.268897959183674,0.268897959183674,0.307562407599318,0.252278094445846,0.272476190476191,0.272476190476191,0.302327989420674,0.255367028400839,0.9267317084548102,0.9070152756891163,0.9267317084548102,0.9355764926907381
Decision Tree,,,glove,0,PLM,0.336897959183674,0.336897959183674,0.338074865886313,0.337369664193709,0.342190476190476,0.342190476190476,0.345129658484257,0.343516396950261,0.884716726919339,0.8833203369945458,0.884716726919339,0.8841079885158576
Random Forest,,,glove,0,PLM,0.52530612244898,0.52530612244898,0.520974923234168,0.522019785441683,0.53952380952381,0.53952380952381,0.535155179990744,0.536244922588642,0.7165848396501453,0.7211975711859547,0.7165848396501453,0.7200695405660852
Adaboost,,,glove,0,PLM,0.33134693877551,0.33134693877551,0.316570240175053,0.319566218741788,0.337619047619048,0.337619047619048,0.319426005733621,0.321964484230663,0.8881309620991253,0.8988792326467497,0.8881309620991253,0.897111027205257
GradientBoostingClassifier,,,glove,0,PLM,0.464285714285714,0.464285714285714,0.459605428759416,0.460608928300057,0.473238095238095,0.473238095238095,0.467367346705797,0.469055922740032,0.7802823129251704,0.7851954302291315,0.7802823129251704,0.7839486541139196
KNN,,,plus_rnn,0,PLM,0.899959183673469,0.899959183673469,0.899880294818146,0.899690661858785,0.908095238095238,0.908095238095238,0.907918654135607,0.907914857337871,0.1827513508260451,0.18298189384555563,0.1827513508260451,0.18315748109026642
GausianNB,,,plus_rnn,0,PLM,0.565387755102041,0.565387755102041,0.60387536273292,0.554753592756234,0.569904761904762,0.569904761904762,0.606770041390072,0.559967419246135,0.6777828260447034,0.6335865211601015,0.6777828260447034,0.6893560623467703
Decision Tree,,,plus_rnn,0,PLM,0.768530612244898,0.768530612244898,0.768802015725972,0.768559729225172,0.783047619047619,0.783047619047619,0.783508334966503,0.783233624223324,0.3982039339164237,0.39763721273965247,0.3982039339164237,0.398038177846872
Random Forest,,,plus_rnn,0,PLM,0.894040816326531,0.894040816326531,0.895302556929336,0.894078353329851,0.899142857142857,0.899142857142857,0.899981183386264,0.899190980561574,0.19612958600583064,0.19424454532598823,0.19612958600583064,0.19605280877045395
Adaboost,,,plus_rnn,0,PLM,0.444,0.444,0.447157444253453,0.437277116575157,0.472952380952381,0.472952380952381,0.469419634483481,0.465758740174128,0.7900091428571429,0.7900955159619766,0.7900091428571429,0.7963343610769795
GradientBoostingClassifier,,,plus_rnn,0,PLM,0.831428571428572,0.831428571428572,0.832136944205577,0.831110599514015,0.834285714285714,0.834285714285714,0.834762846022832,0.833964013843022,0.3063510204081631,0.3053629961742099,0.3063510204081631,0.3068836684818117
KNN,,,prottrans,0,PLM,0.691102040816327,0.691102040816327,0.688930692113404,0.687630993641984,0.728666666666667,0.728666666666667,0.727048641013834,0.725305465401761,0.49641697959183617,0.4991138765462295,0.49641697959183617,0.5012574821318254
GausianNB,,,prottrans,0,PLM,0.393510204081633,0.393510204081633,0.387878181344004,0.383764819683923,0.393809523809524,0.393809523809524,0.387601504191297,0.383055818597006,0.8450319339164235,0.8496578334680793,0.8450319339164235,0.8529966528472425
Decision Tree,,,prottrans,0,PLM,0.478163265306122,0.478163265306122,0.478628804465866,0.478250441701612,0.494190476190476,0.494190476190476,0.495900458053761,0.494891116610363,0.7636962682215747,0.762647756627653,0.7636962682215747,0.7633181048868899
Random Forest,,,prottrans,0,PLM,0.740530612244898,0.740530612244898,0.73865610906509,0.73892173912039,0.760380952380952,0.760380952380952,0.75845395602037,0.758729383221459,0.43691462779397494,0.4397633519409685,0.43691462779397494,0.4393583646282586
Adaboost,,,prottrans,0,PLM,0.374,0.374,0.365458788135498,0.365668039985964,0.378761904761905,0.378761904761905,0.369925429843317,0.369951913752109,0.8583430476190476,0.8648075007089582,0.8583430476190476,0.86472040880921
GradientBoostingClassifier,,,prottrans,0,PLM,0.670530612244898,0.670530612244898,0.668712294944612,0.668143563451553,0.685619047619048,0.685619047619048,0.684368580439167,0.683741941831764,0.5402714402332358,0.5423543159865383,0.5402714402332358,0.5431622225032408
KNN,,,Group_0,0,Properties,0.259142857142857,0.259142857142857,0.323421302310115,0.263619200633068,0.28,0.28,0.345457047369486,0.286479726724062,0.92744,0.8882718318475538,0.92744,0.924478443443423
Random Forest,,,Group_0,0,Properties,0.311551020408163,0.311551020408163,0.316552357360931,0.309570548503327,0.325714285714286,0.325714285714286,0.330988434228823,0.323534346455463,0.8985233819241982,0.8952248308856626,0.8985233819241982,0.8998432949081169
KNN,,,Group_1,0,FFT,0.262081632653061,0.262081632653061,0.288110927785938,0.264421570255654,0.269714285714286,0.269714285714286,0.296672898896174,0.272857981306736,0.9293128396501458,0.9145252958500796,0.9293128396501458,0.927850464126085
Random Forest,,,Group_1,0,FFT,0.223877551020408,0.223877551020408,0.227739921138945,0.225134370393052,0.23247619047619,0.23247619047619,0.237134726226943,0.233925775934198,0.9479537998056367,0.9459949561497707,0.9479537998056367,0.9473352677163481
KNN,,,Group_2,0,Properties,0.273265306122449,0.273265306122449,0.314177214873607,0.272224426823293,0.301333333333333,0.301333333333333,0.344160306263632,0.302616014401536,0.9176560544217688,0.8918726735080444,0.9176560544217688,0.9176205289319925
Random Forest,,,Group_2,0,Properties,0.309183673469388,0.309183673469388,0.317326375217006,0.308456943268246,0.326571428571429,0.326571428571429,0.335555974491926,0.326768064944568,0.8990294460641397,0.893519238932067,0.8990294460641397,0.8992061215295188
KNN,,,Group_2,0,FFT,0.262081632653061,0.262081632653061,0.290083831725346,0.265692922337633,0.276380952380952,0.276380952380952,0.304215649489582,0.280661738585297,0.9275656287657922,0.9117519587252473,0.9275656287657922,0.9254301624869117
Random Forest,,,Group_2,0,FFT,0.225428571428571,0.225428571428571,0.225099539869117,0.224909722548032,0.232571428571429,0.232571428571429,0.232592554347692,0.232300810450669,0.9475717551020408,0.947643523039352,0.9475717551020408,0.947753289173857
KNN,,,Group_3,0,Properties,0.286081632653061,0.286081632653061,0.334443196949089,0.285268913350661,0.304,0.304,0.356751795821081,0.30564364091832,0.9130311836734695,0.880686788888269,0.9130311836734695,0.9128093706826912
Random Forest,,,Group_3,0,Properties,0.332979591836735,0.332979591836735,0.340347326242049,0.332616261696884,0.343809523809524,0.343809523809524,0.352978703064776,0.343467452048115,0.8855184450923225,0.8798646421915173,0.8855184450923225,0.8857571400852022
KNN,,,Group_3,0,FFT,0.278040816326531,0.278040816326531,0.310688174471155,0.281406707245067,0.298190476190476,0.298190476190476,0.329831586823233,0.301904800872016,0.9170908765792031,0.8975252264069655,0.9170908765792031,0.9150419640851284
Random Forest,,,Group_3,0,FFT,0.235918367346939,0.235918367346939,0.238853933788325,0.236979821690124,0.242761904761905,0.242761904761905,0.245686923614866,0.24377109069768,0.9427280077745382,0.9413167118142375,0.9427280077745382,0.9422311703932568
KNN,,,Group_4,0,Properties,0.273673469387755,0.273673469387755,0.306048424753804,0.271697567743656,0.292285714285714,0.292285714285714,0.327566941244686,0.293045715656593,0.9200091545189506,0.8997486536306419,0.9200091545189506,0.9203801918184047
Random Forest,,,Group_4,0,Properties,0.320938775510204,0.320938775510204,0.325811311897975,0.31895184740917,0.339904761904762,0.339904761904762,0.345807722696802,0.338067292224652,0.8909113819241983,0.8873319322037038,0.8909113819241983,0.8921728125963315
KNN,,,Group_4,0,FFT,0.262857142857143,0.262857142857143,0.280059722406557,0.264919712773032,0.268761904761905,0.268761904761905,0.289264049776712,0.271591497145189,0.9293540136054421,0.9189887905173375,0.9293540136054421,0.9280500585846988
Random Forest,,,Group_4,0,FFT,0.218367346938776,0.218367346938776,0.220502262561047,0.219070341110267,0.220190476190476,0.220190476190476,0.223212929390552,0.221354054689848,0.9519175898931,0.9507810440365041,0.9519175898931,0.9515078917329542
KNN,,,Group_5,0,Properties,0.271428571428571,0.271428571428571,0.316019265945308,0.270097317433108,0.289428571428571,0.289428571428571,0.33836159461043,0.291347829606491,0.9214408163265309,0.893071217247128,0.9214408163265309,0.9213077327833286
Random Forest,,,Group_5,0,Properties,0.324367346938776,0.324367346938776,0.332536377818548,0.324009449169752,0.341809523809524,0.341809523809524,0.349278572665127,0.341215509158549,0.8891281516034983,0.8838521685963061,0.8891281516034983,0.8894429508293621
KNN,,,Group_5,0,FFT,0.260857142857143,0.260857142857143,0.289974276311549,0.263515531745745,0.266857142857143,0.266857142857143,0.295232295244374,0.270124008301236,0.9303884081632652,0.914390228842715,0.9303884081632652,0.9288181283152077
Random Forest,,,Group_5,0,FFT,0.218081632653061,0.218081632653061,0.221748697423396,0.219456128454478,0.233428571428571,0.233428571428571,0.23639012281458,0.234626980081505,0.9490935160349856,0.9475807981821103,0.9490935160349856,0.948509671320347
KNN,,,Group_6,0,Properties,0.278,0.278,0.303816635012641,0.278611825555014,0.304095238095238,0.304095238095238,0.328299960145913,0.306022932394618,0.9154615238095238,0.9002570108336846,0.9154615238095238,0.9147383921438369
Random Forest,,,Group_6,0,Properties,0.316448979591837,0.316448979591837,0.320101153861347,0.313842700753299,0.336095238095238,0.336095238095238,0.341866711225293,0.334031986558458,0.8936430048590864,0.8905680712699998,0.8936430048590864,0.8951664992005038
KNN,,,Group_6,0,FFT,0.26865306122449,0.26865306122449,0.285008448924607,0.27101120232052,0.272095238095238,0.272095238095238,0.291775132978693,0.275995477304308,0.9269007813411079,0.9168416219149718,0.9269007813411079,0.9252021338607337
Random Forest,,,Group_6,0,FFT,0.224040816326531,0.224040816326531,0.226571599578202,0.224845415418184,0.235428571428571,0.235428571428571,0.238767716017796,0.236595808872659,0.947254390670554,0.945902016654214,0.947254390670554,0.9468025170678257
KNN,,,Group_7,0,Properties,0.282122448979592,0.282122448979592,0.315962014711967,0.281173833123026,0.309142857142857,0.309142857142857,0.342065261375152,0.308526539245333,0.912783860058309,0.8919203708529314,0.912783860058309,0.913250410340208
Random Forest,,,Group_7,0,Properties,0.321755102040816,0.321755102040816,0.325052275500091,0.319432443912043,0.330857142857143,0.330857142857143,0.335432100321069,0.329115045744975,0.8935450262390672,0.8909670325148618,0.8935450262390672,0.8948699766094588
KNN,,,Group_7,0,FFT,0.276489795918367,0.276489795918367,0.297106258566528,0.279394311824453,0.282190476190476,0.282190476190476,0.303777910165674,0.285911914868062,0.9219772128279885,0.9097456816755177,0.9219772128279885,0.9201178373030262
Random Forest,,,Group_7,0,FFT,0.228285714285714,0.228285714285714,0.230202028653317,0.228873476810093,0.244190476190476,0.244190476190476,0.246692848608885,0.245039462641202,0.9442548027210885,0.943210805795969,0.9442548027210885,0.9439169662296312
KNN,,,bepler,1,PLM,0.847642857142857,0.847642857142857,0.846876607368765,0.846616689913175,0.861142857142857,0.861142857142857,0.860664989138948,0.860376953783543,0.27005840816326554,0.27112295391693275,0.27005840816326554,0.2715905113101962
GausianNB,,,bepler,1,PLM,0.416714285714286,0.416714285714286,0.356267348903356,0.362146430657623,0.420285714285714,0.420285714285714,0.394383223355929,0.368355739353806,0.8248609387755103,0.859494134563023,0.8248609387755103,0.8666012837807695
Decision Tree,,,bepler,1,PLM,0.690142857142857,0.690142857142857,0.690190015409951,0.690019759355972,0.700142857142857,0.700142857142857,0.699826673963389,0.69995227484316,0.5168014081632656,0.5169866171129138,0.5168014081632656,0.5170190997520575
Random Forest,,,bepler,1,PLM,0.829607142857143,0.829607142857143,0.831843873448326,0.829799065908954,0.836714285714286,0.836714285714286,0.839483245501977,0.83718634577559,0.305855852040816,0.30168100536666353,0.305855852040816,0.3053035522836848
Adaboost,,,bepler,1,PLM,0.446785714285714,0.446785714285714,0.435484423706835,0.433538457749806,0.430571428571429,0.430571428571429,0.43709112830426,0.42981464005368,0.8076268367346938,0.809653621883049,0.8076268367346938,0.8136588238328396
GradientBoostingClassifier,,,bepler,1,PLM,0.735678571428571,0.735678571428571,0.737057893916937,0.734740879046505,0.737714285714286,0.737714285714286,0.739870485902618,0.737163243820268,0.4572794081632654,0.45467261788931557,0.4572794081632654,0.4583760302347232
KNN,,,esm,1,PLM,0.949642857142857,0.949642857142857,0.949684999180516,0.949532064704537,0.955,0.955,0.955100750543208,0.954898967870748,0.09309107142857165,0.0929551445030633,0.09309107142857165,0.09329281145345736
GausianNB,,,esm,1,PLM,0.663285714285714,0.663285714285714,0.678357801570329,0.665825225391798,0.659142857142857,0.659142857142857,0.674409451161163,0.662053320148576,0.5627999591836736,0.5425090873520613,0.5627999591836736,0.5591881988906862
Decision Tree,,,esm,1,PLM,0.713928571428572,0.713928571428572,0.712858252045286,0.713226695976474,0.738857142857143,0.738857142857143,0.738229757882049,0.73832997893849,0.47250877551020354,0.47374682518838784,0.47250877551020354,0.47340334858132116
Random Forest,,,esm,1,PLM,0.940857142857143,0.940857142857143,0.941641548911656,0.941038192266593,0.947142857142857,0.947142857142857,0.947541086079885,0.94725761083875,0.10887387755102051,0.1077559440463044,0.10887387755102051,0.10859441028553074
Adaboost,,,esm,1,PLM,0.460321428571429,0.460321428571429,0.458959492651383,0.455598136111593,0.470571428571429,0.470571428571429,0.467562224164022,0.466814145875738,0.7833858877551017,0.7854078788147283,0.7833858877551017,0.7873203452284885
GradientBoostingClassifier,,,esm,1,PLM,0.890178571428571,0.890178571428571,0.890802851993807,0.890210230113403,0.894714285714286,0.894714285714286,0.895014743928951,0.89477803036821,0.2035445153061225,0.20271831353158354,0.2035445153061225,0.2034594436854983
KNN,,,fasttext,1,PLM,0.631821428571429,0.631821428571429,0.634659735222569,0.627468765531943,0.657285714285714,0.657285714285714,0.659736138821841,0.652937436491633,0.5847128010204081,0.5812920368185703,0.5847128010204081,0.5903021527550036
GausianNB,,,fasttext,1,PLM,0.283642857142857,0.283642857142857,0.310964232263828,0.270929408178407,0.285857142857143,0.285857142857143,0.325849397183857,0.275219718109303,0.9189186632653061,0.8986724923710907,0.9189186632653061,0.9254348846536186
Decision Tree,,,fasttext,1,PLM,0.338928571428571,0.338928571428571,0.339929231730151,0.339354641498384,0.352571428571429,0.352571428571429,0.35364726845776,0.352996206930264,0.8805034693877551,0.8797849557296872,0.8805034693877551,0.8802090987468909
Random Forest,,,fasttext,1,PLM,0.54575,0.54575,0.544831211063165,0.544213438772137,0.567142857142857,0.567142857142857,0.565665521870837,0.565025239343933,0.6904817857142859,0.6918077686624347,0.6904817857142859,0.6925056715035884
Adaboost,,,fasttext,1,PLM,0.334428571428571,0.334428571428571,0.320168310180457,0.323394554253066,0.330857142857143,0.330857142857143,0.317899628767934,0.3203200598381,0.8893519183673471,0.898218613050376,0.8893519183673471,0.8964102370303422
GradientBoostingClassifier,,,fasttext,1,PLM,0.487571428571429,0.487571428571429,0.48504183085791,0.484665795885858,0.494857142857143,0.494857142857143,0.492973635442517,0.491571837263036,0.7587217959183671,0.7608871653002817,0.7587217959183671,0.7617519442578372
KNN,,,glove,1,PLM,0.595142857142857,0.595142857142857,0.596509599011874,0.590582313086012,0.611142857142857,0.611142857142857,0.61087784030156,0.606518045581714,0.6362826938775512,0.6356055044364769,0.6362826938775512,0.6418011697119441
GausianNB,,,glove,1,PLM,0.269535714285714,0.269535714285714,0.29669280309289,0.251016306745844,0.269428571428571,0.269428571428571,0.299963538214088,0.25075794463528,0.9273793775510206,0.911002977021601,0.9273793775510206,0.9370556668504731
Decision Tree,,,glove,1,PLM,0.341357142857143,0.341357142857143,0.341042760107758,0.341101005800807,0.350714285714286,0.350714285714286,0.351455154528701,0.350867891435271,0.8802811734693876,0.8801387640454332,0.8802811734693876,0.8803186093282207
Random Forest,,,glove,1,PLM,0.533535714285714,0.533535714285714,0.528944120795394,0.530105639107543,0.542142857142857,0.542142857142857,0.537868557692027,0.538231274892965,0.710747423469388,0.7154975886481041,0.710747423469388,0.7146805660351971
Adaboost,,,glove,1,PLM,0.33175,0.33175,0.317537015063587,0.319407781866183,0.339571428571429,0.339571428571429,0.324676772681813,0.325422213949431,0.8873471785714284,0.8969031067421384,0.8873471785714284,0.8960576124724298
GradientBoostingClassifier,,,glove,1,PLM,0.466,0.466,0.461586719991474,0.462089071577292,0.480285714285714,0.480285714285714,0.475236504523773,0.475728714428036,0.7761868571428573,0.7806371406566583,0.7761868571428573,0.7801709600272901
KNN,,,plus_rnn,1,PLM,0.908178571428572,0.908178571428572,0.908107886585731,0.908051091683616,0.912,0.912,0.911930671162142,0.91193847458851,0.17174114285714237,0.17186856549823992,0.17174114285714237,0.17191327260161204
GausianNB,,,plus_rnn,1,PLM,0.565107142857143,0.565107142857143,0.601393640301818,0.55458654283655,0.560428571428571,0.560428571428571,0.606797851046865,0.55307343714518,0.6832978112244898,0.6350756314316055,0.6832978112244898,0.6932729145589267
Decision Tree,,,plus_rnn,1,PLM,0.7785,0.7785,0.778397389352391,0.778326366827031,0.786571428571429,0.786571428571429,0.786240348801026,0.786345458036535,0.3876541428571425,0.3879925650897681,0.3876541428571425,0.38796659657548616
Random Forest,,,plus_rnn,1,PLM,0.899964285714286,0.899964285714286,0.901280161079689,0.900075070015441,0.898857142857143,0.898857142857143,0.899725169310049,0.898853993574688,0.19106067346938738,0.1890955544767886,0.19106067346938738,0.190963928799604
Adaboost,,,plus_rnn,1,PLM,0.440214285714286,0.440214285714286,0.43569330506961,0.429053048086158,0.460142857142857,0.460142857142857,0.461978594033801,0.445361641850158,0.7974385408163265,0.7987190194940016,0.7974385408163265,0.8089162300635339
GradientBoostingClassifier,,,plus_rnn,1,PLM,0.834857142857143,0.834857142857143,0.835753264322534,0.834616965746186,0.830571428571429,0.830571428571429,0.831579518178844,0.830294667676356,0.30659151020408126,0.3050047031382711,0.30659151020408126,0.3070219837887219
KNN,,,prottrans,1,PLM,0.787714285714286,0.787714285714286,0.787381699651006,0.785250481903489,0.812714285714286,0.812714285714286,0.812391922762802,0.810672686433583,0.359813346938775,0.3603374670722761,0.359813346938775,0.3634188823120329
GausianNB,,,prottrans,1,PLM,0.396857142857143,0.396857142857143,0.392919695014685,0.386336791648614,0.381428571428571,0.381428571428571,0.375246513767873,0.370597629936827,0.8486273469387756,0.8525582542550035,0.8486273469387756,0.8568245006576259
Decision Tree,,,prottrans,1,PLM,0.486464285714286,0.486464285714286,0.486483979605686,0.486289120625287,0.505714285714286,0.505714285714286,0.506030102125276,0.505749080461654,0.7539880612244895,0.7538244621178241,0.7539880612244895,0.7540597244052547
Random Forest,,,prottrans,1,PLM,0.753892857142857,0.753892857142857,0.752883585190206,0.752394363114372,0.779,0.779,0.778246477613417,0.777808138413118,0.4127174642857143,0.4140710017727611,0.4127174642857143,0.41478154107348675
Adaboost,,,prottrans,1,PLM,0.369857142857143,0.369857142857143,0.361894681660215,0.361259716686002,0.371428571428571,0.371428571428571,0.360741766248384,0.361128367873665,0.8626244897959184,0.8694494733419974,0.8626244897959184,0.8695388681346815
GradientBoostingClassifier,,,prottrans,1,PLM,0.675392857142857,0.675392857142857,0.673427525738427,0.673069874910222,0.674857142857143,0.674857142857143,0.673446224064671,0.672211798091669,0.5442063061224489,0.5464827756102423,0.5442063061224489,0.547554489145265
KNN,,,Group_0,1,Properties,0.244214285714286,0.244214285714286,0.258863654452165,0.247594903900716,0.253857142857143,0.253857142857143,0.2688946602665,0.257844351981382,0.9380044591836734,0.9303929455807405,0.9380044591836734,0.9361590524498273
Random Forest,,,Group_0,1,Properties,0.321321428571429,0.321321428571429,0.328862331808217,0.320234275179148,0.323857142857143,0.323857142857143,0.338085930130636,0.324989996130062,0.8959377602040814,0.8888162726656891,0.8959377602040814,0.8959270641488155
KNN,,,Group_1,1,FFT,0.261321428571429,0.261321428571429,0.284495622637189,0.263463315379377,0.278,0.278,0.30369540516011,0.280561092266995,0.9273526428571427,0.9135999866169211,0.9273526428571427,0.9260824444648782
Random Forest,,,Group_1,1,FFT,0.229785714285714,0.229785714285714,0.234623638808822,0.231043467616142,0.234142857142857,0.234142857142857,0.240812689654099,0.235234640627887,0.9461973163265307,0.9434996504820157,0.9461973163265307,0.9456505729258959
KNN,,,Group_2,1,Properties,0.25525,0.25525,0.278334321237319,0.257634806189958,0.262285714285714,0.262285714285714,0.283055207366491,0.264621589121946,0.9330515714285715,0.9212160209849591,0.9330515714285715,0.9318242681728888
Random Forest,,,Group_2,1,Properties,0.320857142857143,0.320857142857143,0.329609234721602,0.32033868546633,0.327142857142857,0.327142857142857,0.340651633920214,0.328850588348668,0.8950338775510204,0.887718075636895,0.8950338775510204,0.8946564348135585
KNN,,,Group_2,1,FFT,0.269,0.269,0.302552876686405,0.274291070276676,0.269285714285714,0.269285714285714,0.30494047359917,0.27555595548907,0.9275621428571429,0.9077393824944564,0.9275621428571429,0.9244174620477908
Random Forest,,,Group_2,1,FFT,0.2305,0.2305,0.231130344550739,0.230503699006524,0.244714285714286,0.244714285714286,0.248177182337026,0.245609277252811,0.9435933571428571,0.9426387223368116,0.9435933571428571,0.9433861530829082
KNN,,,Group_3,1,Properties,0.253321428571429,0.253321428571429,0.277735847819477,0.256587304670861,0.274285714285714,0.274285714285714,0.300597022221187,0.277957317427649,0.9305175510204081,0.9165134311813885,0.9305175510204081,0.9286796811076966
Random Forest,,,Group_3,1,Properties,0.341607142857143,0.341607142857143,0.352186543025714,0.342277879032108,0.354428571428571,0.354428571428571,0.371545418389361,0.357358036916984,0.8789246683673471,0.8691467035204083,0.8789246683673471,0.877684249068977
KNN,,,Group_3,1,FFT,0.282642857142857,0.282642857142857,0.311724047217226,0.285792791023977,0.299428571428571,0.299428571428571,0.331425912154428,0.302937526651331,0.9153686530612246,0.8966865733105609,0.9153686530612246,0.9134226387524157
Random Forest,,,Group_3,1,FFT,0.241964285714286,0.241964285714286,0.245966213163647,0.243457500735658,0.244428571428571,0.244428571428571,0.24983670486306,0.246348263563947,0.9408570153061225,0.9385486117955494,0.9408570153061225,0.9400246674421523
KNN,,,Group_4,1,Properties,0.247607142857143,0.247607142857143,0.261479346180242,0.24899600987927,0.252142857142857,0.252142857142857,0.267869919208465,0.254660706761067,0.9375676275510204,0.9299575486640164,0.9375676275510204,0.9365905001434595
Random Forest,,,Group_4,1,Properties,0.330857142857143,0.330857142857143,0.33549873889121,0.328669301245818,0.334714285714286,0.334714285714286,0.347865622950841,0.336195632835648,0.8892573877551019,0.8832915221963877,0.8892573877551019,0.889502816274012
KNN,,,Group_4,1,FFT,0.266107142857143,0.266107142857143,0.284199067268319,0.268484262112774,0.279142857142857,0.279142857142857,0.299812794913673,0.28263971288012,0.9257180918367347,0.9147934833304263,0.9257180918367347,0.9241156852436146
Random Forest,,,Group_4,1,FFT,0.224928571428571,0.224928571428571,0.227221451617329,0.22565030342438,0.228,0.228,0.230496704307526,0.228350092983606,0.9487162857142858,0.9476262042542337,0.9487162857142858,0.9484727322312639
KNN,,,Group_5,1,Properties,0.241642857142857,0.241642857142857,0.260721675871545,0.244706486124704,0.255571428571429,0.255571428571429,0.276663658669777,0.259535336446268,0.9382429897959184,0.9278677872588627,0.9382429897959184,0.9364900197930409
Random Forest,,,Group_5,1,Properties,0.331714285714286,0.331714285714286,0.341197730148725,0.331832607952134,0.346857142857143,0.346857142857143,0.362118515455381,0.349306294214715,0.8849425306122447,0.876445984481798,0.8849425306122447,0.8840887814166357
KNN,,,Group_5,1,FFT,0.262571428571429,0.262571428571429,0.292023045565661,0.265819662697994,0.277142857142857,0.277142857142857,0.306018657787746,0.280725741931466,0.9272302040816326,0.9106354995529067,0.9272302040816326,0.9253775779691336
Random Forest,,,Group_5,1,FFT,0.219392857142857,0.219392857142857,0.223207234048956,0.220843927766736,0.220428571428571,0.220428571428571,0.227280702428973,0.222990047435084,0.9516395459183675,0.9492693030581251,0.9516395459183675,0.9507540020715453
KNN,,,Group_6,1,Properties,0.251035714285714,0.251035714285714,0.265849404267941,0.254107742662795,0.262285714285714,0.262285714285714,0.278324311294001,0.265446708958328,0.934156918367347,0.9260076476492048,0.934156918367347,0.9325479359893314
Random Forest,,,Group_6,1,Properties,0.326964285714286,0.326964285714286,0.331243462203406,0.324553793562967,0.338,0.338,0.348410670150622,0.338013467823959,0.8894860714285713,0.884591243350699,0.8894860714285713,0.8902964467423602
KNN,,,Group_6,1,FFT,0.270142857142857,0.270142857142857,0.288337270241428,0.273151729536548,0.275,0.275,0.29418852543406,0.278610503198634,0.9257107142857143,0.9151744836399922,0.9257107142857143,0.9238970591842451
Random Forest,,,Group_6,1,FFT,0.228571428571429,0.228571428571429,0.232252666054605,0.229688917245222,0.238571428571429,0.238571428571429,0.244211852255525,0.240070995896843,0.9454693877551018,0.943281146231521,0.9454693877551018,0.944858352890472
KNN,,,Group_7,1,Properties,0.25675,0.25675,0.271036208131898,0.259933230340186,0.267142857142857,0.267142857142857,0.283625136310256,0.271596476490323,0.9314110714285715,0.9231273185235755,0.9314110714285715,0.929403050516858
Random Forest,,,Group_7,1,Properties,0.332285714285714,0.332285714285714,0.338427482213804,0.331042478029524,0.332,0.332,0.341571507714433,0.331962340062478,0.889681142857143,0.8844028146482316,0.889681142857143,0.8901063643332378
KNN,,,Group_7,1,FFT,0.274714285714286,0.274714285714286,0.295496050545896,0.277369526697243,0.284428571428571,0.284428571428571,0.302411417563906,0.287012163674234,0.9218634081632653,0.91063862046988,0.9218634081632653,0.9203915720053261
Random Forest,,,Group_7,1,FFT,0.233464285714286,0.233464285714286,0.235802965368453,0.23385305835528,0.245,0.245,0.248837931930832,0.245786858362319,0.9428012499999999,0.9413232777545566,0.9428012499999999,0.9425219914684356
